Tanggal,NO2 (Harian),NO2 (30-hari MA),CO (Harian),CO (30-hari MA),SO2 (Harian),SO2 (30-hari MA),CH4 (Harian),CH4 (30-hari MA)
2025-08-30,,1.030403200275032e-05,,0.02654056437313557,,7.386825927824248e-06,,
2025-08-31,,1.030403200275032e-05,,0.02654056437313557,7.386825927824248e-06,7.386825927824248e-06,,1892.82470703125
2025-09-01,,1.030403200275032e-05,,0.02654056437313557,,-3.29553604387911e-05,,
2025-09-02,,1.030403200275032e-05,,0.02654056437313557,-0.000234666295000352,-8.338309407918132e-05,,
2025-09-03,,1.030403200275032e-05,,0.02654056437313557,,-9.216077269229573e-05,,
2025-09-04,,1.030403200275032e-05,,0.02654056437313557,,-8.011342621709143e-05,,
2025-09-05,,1.030403200275032e-05,,0.02654056437313557,,-5.61660643662825e-05,,
2025-09-06,1.030403200275032e-05,1.030403200275032e-05,0.02654056437313557,0.02654056437313557,0.0001949129073182121,-2.478119290572067e-05,,
2025-09-07,,1.033244108030987e-05,,0.02652551399336921,,-1.116116355761834e-05,,1892.82470703125
2025-09-08,,1.038073660311056e-05,,0.0264999283477664,6.852320666439482e-07,-9.97652399519211e-06,,
2025-09-09,,1.044349491249622e-05,,0.02646668069064617,1.297364451602334e-05,-7.89014503962707e-06,,
2025-09-10,,1.051710031182059e-05,,0.02642768668010831,,-7.307238538108625e-06,,
2025-09-11,,1.059904969644357e-05,,0.02638427225443033,,-7.880849308933717e-06,,
2025-09-12,,1.068755500455154e-05,0.02572784572839737,0.02633738464542798,,-9.3631522547964e-06,,1892.82470703125
2025-09-13,,1.078130505144751e-05,,0.02629779937366645,,-1.157240881942319e-05,,
2025-09-14,,1.087931644860873e-05,,0.02626414736732841,,-1.43723154266695e-05,,
2025-09-15,,1.098083724654691e-05,0.02577512711286545,0.02623538147000706,-7.023982470855117e-05,-1.76586395020743e-05,,
2025-09-16,1.286085171159357e-05,1.108528249460505e-05,,0.02624494096057282,0.0001906051184050739,-6.088430729454962e-06,,1892.82470703125
2025-09-17,1.28814926938503e-05,1.11798198735127e-05,,0.02628677446199091,6.44826068310067e-05,-2.374165594693822e-06,,
2025-09-18,1.844873850131989e-06,1.071307257234366e-05,,0.02635604087263346,-4.876991442870349e-05,-4.693953036394305e-06,,1892.82470703125
2025-09-19,,1.027117595445556e-05,,0.0264488212054684,,-4.611247661722744e-06,,
2025-09-20,,9.850741295477663e-06,,0.02656190901656042,4.285563409212045e-05,-2.453662127457144e-06,,
2025-09-21,,9.448969206993713e-06,0.02956907823681831,0.02669265550439772,,1.549283544353903e-07,,1892.82470703125
2025-09-22,,9.063526866507724e-06,,0.02696474959763388,7.223220018204302e-05,3.158148013919041e-06,,1892.82470703125
2025-09-23,-2.132771754759233e-07,8.692454704828378e-06,0.03687675297260284,0.02736122973263264,-9.24184041650733e-06,2.662148476701987e-06,,1892.82470703125
2025-09-24,,8.375738708821245e-06,,0.02760427796210234,,-7.168263603209477e-07,,1892.82470703125
2025-09-25,,8.107339302943762e-06,,0.02771094241351993,-0.0001611405605217442,-6.658446144077364e-06,,
2025-09-26,1.800070776880602e-06,7.882079712727221e-06,0.02728795073926449,0.02769583556801081,-1.531498492113315e-05,-6.967608243257928e-06,,
2025-09-27,,7.708204599790125e-06,0.02331777475774288,0.02754486795386364,,-6.725531636283417e-06,,1892.82470703125
2025-09-28,,7.580575508825404e-06,,0.02749411662419637,,-5.987340193769341e-06,,
2025-09-29,,7.401073193117706e-06,,0.02756699379533529,,-5.207307363737831e-06,,
2025-09-30,5.958593192190165e-06,7.256225232765701e-06,0.03143143281340599,0.02773002274334431,4.615540819941089e-05,-3.915021288018276e-06,,
2025-10-01,-2.903822426958413e-08,6.911789558531704e-06,,0.02778342496603727,2.96921771223424e-05,8.627090551271976e-07,,
2025-10-02,-4.390814410726307e-06,6.42196134474915e-06,0.02485382743179798,0.02772720040132602,-0.0001230676134582609,4.582665106530234e-06,,
2025-10-03,,6.010018710197092e-06,,0.02768420601884524,,7.369528827894101e-06,,1892.82470703125
2025-10-04,,5.675961654875531e-06,,0.02765444181859493,,9.22330070428264e-06,,1892.82470703125
2025-10-05,2.618887720018392e-06,5.419790178784467e-06,,0.0276379078005751,0.0001151385004050098,1.014398049316393e-05,,
2025-10-06,4.341601652413374e-06,5.221042500439902e-06,,0.02763460396478573,-8.667224028613418e-05,7.5780890635239e-07,,
2025-10-07,,5.297492957663982e-06,,0.02764904542515675,,,,
2025-10-08,2.136485272785649e-05,5.649141504981969e-06,0.02723526023328304,0.02768123218168815,-2.979370401590131e-05,-3.495283601750998e-06,,1892.82470703125
2025-10-09,-5.238175617705565e-06,5.105499717513358e-06,,0.02775528747588396,7.148550503188744e-05,-1.135274502909548e-06,,
2025-10-10,,4.654852838648082e-06,,0.02787121124565601,,6.626466074521886e-07,,
2025-10-11,,4.29720083238531e-06,,0.02802900355309248,,2.770390528894495e-06,,
2025-10-12,,4.032543725251969e-06,,0.02822866446028153,,5.187957140151411e-06,,
2025-10-13,,3.860881526721963e-06,,0.02846515340109666,,7.915346456381182e-06,,1892.82470703125
2025-10-14,9.989468708226923e-06,3.782214236795293e-06,0.03395887836813927,0.02873847043762605,4.861436173086986e-05,1.095255853821679e-05,,1892.82470703125
2025-10-15,1.623395110073034e-05,3.903173606367716e-06,,0.02899125634382168,4.280459506844636e-06,1.297427100629041e-05,,
2025-10-16,,3.937235607824145e-06,,0.02920295894145965,,1.349152744296589e-05,,
2025-10-17,,3.892234901374063e-06,,0.02937357823053996,-0.0001137247236329131,3.347199375032991e-06,,
2025-10-18,,4.13674684486646e-06,,0.02950311421106259,,-1.890892265995111e-06,,1892.82470703125
2025-10-19,,4.316605136800433e-06,,0.02959156694511572,,-2.651747399795568e-06,,
2025-10-20,,4.431809788544664e-06,,0.02963893637061119,,-4.237542301173865e-06,,
2025-10-21,2.12651320907753e-06,4.482360786835689e-06,,0.02964522254963716,-2.94664077955531e-05,-6.648277030762984e-06,,
2025-10-22,,4.57911062105391e-06,,0.02950970840950807,,-1.106025353389365e-05,,
2025-10-23,,4.72205929072563e-06,,0.02923239382604758,,-1.747347199246481e-05,,
2025-10-24,,4.875115240861779e-06,,0.02904161574939887,,-2.268252143646047e-05,,
2025-10-25,,5.038278488041688e-06,,0.02893737411747376,,-2.687155774765415e-05,,
2025-10-26,6.998187018325552e-06,5.211549029423187e-06,,0.02891966893027226,-0.0002562112640589476,-3.004058119889426e-05,,
2025-10-27,2.897286776715191e-06,5.213468540728646e-06,0.02615662105381489,0.02901429714014133,2.602974927867763e-05,-2.866242339223391e-05,,
2025-10-28,2.47984803536383e-06,5.166819079545822e-06,0.02536521293222904,0.02899239330242077,-8.174632239388302e-05,-3.138905458399677e-05,,1892.82470703125
2025-10-29,5.085833890916547e-06,5.172381458192395e-06,,0.02892580063392719,2.285913615196478e-05,-3.114109043356924e-05,,
2025-10-30,5.166737537365407e-06,5.145986269698237e-06,0.02809298411011696,0.02881451901048422,-4.236363747622818e-05,-3.357947204373583e-05,,1892.82470703125
2025-10-31,,5.212928274052804e-06,0.02854568883776665,0.02882795426994562,-4.197225109692226e-07,-3.51319764007485e-05,,1892.82470703125
2025-11-01,-1.208293497256818e-06,5.319012304501787e-06,,0.0290311437100172,8.962918946053833e-05,-3.31340759894753e-05,,
2025-11-02,1.75193290488096e-05,5.971464840589154e-06,0.03335333243012428,0.02930123036106428,-3.641518560471013e-05,-3.024566172769027e-05,,1892.82470703125
2025-11-03,,6.464949132123366e-06,,0.02953716969738404,,-3.035590509720502e-05,,1892.82470703125
2025-11-04,,6.799465148787931e-06,,0.0297389617189765,,-3.346480609801954e-05,,
2025-11-05,,6.995474702383338e-06,,0.02990660642584165,,-3.957236473013381e-05,,
2025-11-06,,6.826680701503089e-06,,0.0300401038179795,,-3.930482170536228e-05,,
2025-11-07,5.356927431421354e-06,6.293083191621917e-06,,0.03013945389539003,-8.920364052755758e-05,-4.128515292241749e-05,,
2025-11-08,,6.616938641930877e-06,,0.0301805334786574,7.138225919334218e-05,-4.1288594450369e-05,,
2025-11-09,,6.809961793881787e-06,,0.03016334250569343,-0.0001817121665226296,-4.957604259535249e-05,,
2025-11-10,,6.872152660738115e-06,,0.03008788097649813,,-5.663848893107115e-05,,
2025-11-11,,6.803511246289417e-06,,0.02995414882898331,,-6.2475933336259e-05,,
2025-11-12,,6.604037544851357e-06,,0.02976214618732532,,-6.708837605344798e-05,,
2025-11-13,8.028890619016238e-08,6.273731551450131e-06,0.02645068056881428,0.02951187292734782,-5.300886550685391e-05,-7.047581696137209e-05,,
2025-11-14,,5.745641343679609e-06,0.02414821833372116,0.02920485672851404,7.692540384596214e-05,-6.805431881673485e-05,,1892.82470703125
2025-11-15,,5.306290980181908e-06,,0.02892510568102201,2.691621193662286e-05,-6.533304069857119e-05,,
2025-11-16,,4.955680492220912e-06,,0.02867261972278357,1.326822439295938e-05,-6.10999424310421e-05,,
2025-11-17,,4.693809845690566e-06,,0.02844739891588688,,-5.781901003748165e-05,,
2025-11-18,,4.520679059538679e-06,,0.02824944319824378,,-5.549024328672658e-05,,
2025-11-19,,4.436288114817444e-06,,0.02807875256985426,,-5.41136424137297e-05,,
2025-11-20,,4.440637030474666e-06,,0.02793532703071833,,-5.36892073692267e-05,,
2025-11-21,,4.422873318077336e-06,,0.02781916664292415,,-5.200315322800483e-05,,
2025-11-22,,4.382996977625453e-06,,0.02773027134438356,,-4.905547968689916e-05,,
2025-11-23,,4.321008016698139e-06,,0.02766864119718472,,,,
2025-11-24,,4.236906427716273e-06,,0.0276342760771513,,,,
2025-11-25,,4.130692210679854e-06,,0.02762717610845963,,,,
2025-11-26,,4.17153986115674e-06,,0.02764734129110972,,,,
2025-11-27,,4.236667344296544e-06,,0.02770114603141944,,,,
2025-11-28,,4.225293825044218e-06,,0.02771674723674854,,,,
2025-11-29,,4.221588725528136e-06,,0.02769414496918519,,,,
2025-11-30,,4.334499339838279e-06,,0.02766371183097362,,,,
2025-12-01,,4.564025660395525e-06,0.02785047516226768,0.02756041064858437,,,,1892.82470703125
2025-12-02,,4.179663104035095e-06,,0.02737144057949384,,,,
2025-12-03,,3.886748405790286e-06,0.02751798741519451,0.02719784621149302,-0.0001142384935519658,-4.734631868075212e-05,,
2025-12-04,,3.68528161113583e-06,,0.02710471587876479,-0.0001863936777226627,-4.653069838411739e-05,,
2025-12-05,6.921320164110512e-06,3.575262674596995e-06,0.03109080158174038,0.02709204958130916,-7.450288103427738e-05,-4.047375228329505e-05,,1892.82470703125
2025-12-06,-2.070836444545421e-06,3.246587880075443e-06,0.02918673306703568,0.02703683146586021,-2.169942672480829e-05,-4.206472481674458e-05,,1892.82470703125
2025-12-07,,3.010114558558522e-06,,0.02701982067277034,,-4.056356912940373e-05,,
2025-12-08,,2.814074696052178e-06,,0.02704101720203956,,-4.304966944062017e-05,,
2025-12-09,,2.658468307714656e-06,,0.02710042105366786,,-4.386208492045777e-05,,
2025-12-10,,2.543295384072053e-06,,0.02719803228974342,,-4.65730382794997e-05,,
2025-12-11,,2.468555927019149e-06,,0.02733385084817807,,-5.278602941795422e-05,,
2025-12-12,,2.434249932529535e-06,,0.0275078767289718,,-5.52979490104614e-05,,
2025-12-13,,2.440377405103315e-06,,0.02772010993212461,,-5.795835270798003e-05,,
2025-12-14,,2.447258487592307e-06,,0.0280263821904858,,-6.076724123810588e-05,,
2025-12-15,,2.454893176443799e-06,,0.02834268528968096,,-6.37246141157751e-05,,
2025-12-16,,2.46328147260518e-06,0.03437379747629166,0.02866901929179827,-0.0001718216662993655,-6.683047134098767e-05,,
2025-12-17,1.598369976818503e-06,2.47242337986601e-06,0.02794068492949009,0.02877365685999394,-0.0001362510374747217,-6.839871790589313e-05,,1892.82470703125
2025-12-18,4.237283519614721e-06,2.559163871514632e-06,,0.02894851981351773,3.796549935941584e-05,-6.951260990035734e-05,,
2025-12-19,1.304543843616557e-06,2.537781177380793e-06,0.03258976712822914,0.02919360815236966,-3.31208466377575e-05,-6.455956590419494e-05,,
2025-12-20,,2.598685293027832e-06,,0.02943904008716345,,-5.937875096530358e-05,,
2025-12-21,,2.74187622224531e-06,0.0330459401011467,0.02968481549372276,4.489706407184713e-05,-5.397016508368324e-05,,
2025-12-22,9.643224984756671e-06,2.967353965033226e-06,0.03263585269451141,0.02990966203312079,0.0001125685957958922,-4.737838880449393e-05,,1892.82470703125
2025-12-23,1.04521750472486e-05,3.209431517111246e-06,,0.03012211887786786,-4.166612416156568e-05,-4.700029742631766e-05,,1892.82470703125
2025-12-24,-8.097249519778416e-07,3.065747202176302e-06,,0.03032218609005213,4.442606950760819e-05,-4.808360857092945e-05,,
2025-12-25,,2.860027640612846e-06,,0.03050986360758543,,-4.663234727786403e-05,,
2025-12-26,,2.592272840000002e-06,,0.03068515143046776,,-4.385855357137795e-05,,
2025-12-27,,2.262482770021279e-06,,0.0308480496207873,0.0001225100131705403,-3.996714744592585e-05,,
2025-12-28,,1.870657460993167e-06,,0.03099855811645587,-0.0001491135481046513,-4.487984685207873e-05,,
2025-12-29,-8.560232345189434e-06,1.416796897757422e-06,,0.03113667691747347,1.57115518959472e-05,-4.404836308822268e-05,,
2025-12-30,,9.867841496221294e-07,,0.03126240608592828,,-4.224124453079033e-05,,
2025-12-31,,5.806192014290445e-07,0.03125065937638283,0.03137574555973212,,-3.945849124041463e-05,,
2026-01-01,,1.983020380199226e-07,,0.0315055870761474,,-3.570010309582964e-05,,
2026-01-02,,-1.601673102887465e-07,,0.03165193057308594,,-2.846594852599082e-05,,
2026-01-03,,-4.947888662343303e-07,,0.03174968771636486,0.0001245547900907695,-1.810099959887642e-05,,
2026-01-04,,-8.055626146585837e-07,,0.03179885850598415,,-1.435401106088345e-05,,
2026-01-05,,-7.823848091466819e-07,0.03289474174380302,0.03192245879520973,-4.874123987974599e-05,-1.52554048327147e-05,,
2026-01-06,,-7.361128110024614e-07,0.03473242744803429,0.0320900250847141,,-1.61167132925281e-05,,1892.82470703125
2026-01-07,,-6.66746620225922e-07,0.03234855085611343,0.03216083856920401,-7.636057125637308e-05,-1.693793656158959e-05,,1892.82470703125
2026-01-08,,-5.742862368170639e-07,,0.03227275454749664,,-1.529468912243222e-05,,
2026-01-09,,-4.587316588811063e-07,,0.03242577283332745,,-1.11869712175879e-05,,
2026-01-10,3.756447767955251e-06,-3.2008288831283e-07,,0.03261989348878463,0.00010040510824183,-4.614782786423651e-06,,
2026-01-11,-5.460039574245457e-06,-4.997691699297017e-07,0.03935566544532776,0.03285511663804452,6.092143667046912e-05,1.141690881922841e-06,,1892.82470703125
2026-01-12,2.036506430158624e-06,-4.406893917045333e-07,0.03200484812259674,0.03282802235335112,-9.770210454007611e-05,2.111120314414924e-06,,1892.82470703125
2026-01-13,,-3.701116687201041e-07,0.0391426682472229,0.03302156509210666,-8.320763299707323e-05,4.064106663766627e-06,,1892.82470703125
2026-01-14,,-2.880359905551207e-07,,0.03317758459597826,,7.207154703792185e-06,,
2026-01-15,,-1.944623591043637e-07,,0.03329608086496592,,1.154026455575755e-05,,
2026-01-16,,-8.939078194695563e-08,0.03732169419527054,0.03360878117382526,,1.537734115117928e-05,,
2026-01-17,,-4.966623616079838e-08,,0.03366636981566747,,1.409685422307424e-05,,
2026-01-18,,1.104330522139207e-07,0.02666407637298107,0.03346884679049254,2.024052264459897e-05,1.587556653248612e-05,,1892.82470703125
2026-01-19,,2.004970989825476e-07,,0.03337435318777959,8.701705519342795e-05,1.857986474836556e-05,,
2026-01-20,7.464528152922867e-06,2.205258851972758e-07,0.03330201655626297,0.0333828890696168,0.0001168249727925286,2.09774617057216e-05,,
2026-01-21,,1.440015466869227e-07,,0.03343488095949094,,1.8081117013935e-05,,
2026-01-22,7.230461960716639e-06,3.661111046919056e-08,0.03508919849991798,0.03352178949862718,-6.546846270794049e-05,1.728770572905584e-05,,
2026-01-23,,4.34560881027816e-07,,0.03363243881613016,-0.0001125970666180365,1.205360119153435e-05,,
2026-01-24,1.502707436884521e-05,1.014124237978346e-06,,0.03376682903617621,-3.09755741909612e-05,8.672613694216124e-06,,
2026-01-25,1.377160515403375e-05,1.603508667358256e-06,0.03676414117217064,0.03392496003458897,0.0002198197325924411,1.27838702610461e-05,,
2026-01-26,5.368598976929206e-06,1.964462952249354e-06,,0.03408246506005526,3.107741940766573e-05,9.73611713561695e-06,,
2026-01-27,,2.35352304874444e-06,,0.03423934411257505,,1.511172334479246e-05,,
2026-01-28,,2.770688956843515e-06,,0.03439559719214837,,1.436240017937962e-05,,1892.82470703125
2026-01-29,3.247817858209601e-06,3.130077622396736e-06,,0.0345512242987752,-2.569092430348974e-05,1.225669602717971e-05,,
2026-01-30,,3.568596829002975e-06,,0.03470622543245554,3.542213380569592e-05,1.146247226036697e-05,,
2026-01-31,,4.086246591820479e-06,,0.03484450969845056,,8.843775405390868e-06,,
2026-02-01,,4.683026880532756e-06,,0.03496607709676027,,4.400605598675611e-06,,
2026-02-02,,5.358937702718928e-06,,0.03507092762738466,-6.347449379973114e-05,-1.867037197674411e-06,,1892.82470703125
2026-02-03,2.024934838118497e-05,6.113979058378997e-06,,0.03515906129032374,1.312526637775591e-05,-2.693087488599607e-06,,
2026-02-04,7.156146693887422e-06,6.398367357481523e-06,,0.03523047808557749,-5.043532655690797e-05,-2.749557044505006e-06,,
2026-02-05,,6.571146188131631e-06,,0.03523488237212102,-0.0001056598703144118,-4.186522536050082e-06,,
2026-02-06,,6.632315535171074e-06,,0.03531299289315939,,-4.826399109939909e-06,,
2026-02-07,,6.581875406178976e-06,,0.03532695441196362,,-7.093572041109534e-06,,
2026-02-08,,6.419825801155335e-06,,0.03527676705271006,,-1.098804132955896e-05,,1892.82470703125
2026-02-09,,6.146166727679277e-06,,0.03516243081539869,,-1.650980703592116e-05,,
2026-02-10,-6.775218935217708e-06,6.102327415646869e-06,0.03400110825896263,0.03498394557585319,-5.514486110769212e-05,-2.037868362852654e-05,,
2026-02-11,,5.957129474154499e-06,,0.03502278458327055,,-1.742307874792459e-05,,
2026-02-12,2.136355305992765e-06,5.937841016627013e-06,,0.03479599313189586,3.707694486365654e-05,-1.34135928192336e-05,,
2026-02-13,,5.913652914083893e-06,,0.03456173172841469,2.266950832563452e-05,-1.057400908545484e-05,,1892.82470703125
2026-02-14,,5.884565166525135e-06,,0.03432000024865071,,-9.075048819795483e-06,,1892.82470703125
2026-02-15,,5.850577789108987e-06,,0.03407079881678025,,-8.916711976780789e-06,,
2026-02-16,,5.811690781835447e-06,,0.03397152125835419,,-1.009899857914813e-05,,
2026-02-17,,5.767904129546271e-06,,0.0340221676354607,,-1.262190856626451e-05,,
2026-02-18,,5.71921783224146e-06,0.02735237590968609,0.03393447858591874,,-1.802167198547977e-05,,
2026-02-19,,5.665631889921012e-06,,0.03388431916634242,-9.450491779716685e-05,-2.506600167180295e-05,,
2026-02-20,6.388463589246385e-06,5.633664181914355e-06,0.03624209016561508,0.03395253519217174,-7.089083374012262e-05,-2.828497129788351e-05,,
2026-02-21,,5.598168331744091e-06,0.02936896681785583,0.03376186080276966,,-2.802761473503779e-05,,
2026-02-22,,5.425299703650429e-06,,0.03356164172291756,-4.46046979050152e-05,-2.576120244460374e-05,,
2026-02-23,5.719832188333385e-06,5.115058297633368e-06,0.02991291135549545,0.03335187782843908,-5.913818313274533e-05,-2.669995607599655e-05,,
2026-02-24,,4.821721411947996e-06,,0.03312586862593889,,-3.57305060182019e-05,,
2026-02-25,,4.783540278670747e-06,,0.03290798086673021,,-3.820159827228053e-05,,1892.82470703125
2026-02-26,,4.743978926550577e-06,,0.03269821455081304,,-3.977388390315658e-05,,
2026-02-27,2.726497768890113e-06,4.703037355587488e-06,,0.03249656967818737,-2.697251511563081e-05,-4.044736297146301e-05,,
2026-02-28,,4.693471479792303e-06,0.03026768006384373,0.0323030462488532,,-4.053616463958557e-05,,1892.82470703125
2026-03-01,,4.578373530724397e-06,0.02653595432639122,0.03199088828017314,-2.973743539769202e-05,-4.270815027969851e-05,,
2026-03-02,,4.3577434856464e-06,,0.03168857538451751,4.365663698990829e-05,-4.133481542491306e-05,,
2026-03-03,,4.031581367295682e-06,,0.03139610756188631,-0.000246770097874105,-4.854352033210792e-05,,
2026-03-04,,3.599887175672241e-06,,0.03111348487436771,,-5.279172836859895e-05,,
2026-03-05,,3.062660903196956e-06,0.02702660672366619,0.03084070725987355,,-5.773161631168477e-05,,
2026-03-06,,2.969686155059511e-06,0.01975966244935989,0.03033145448813836,,-5.869117214842845e-05,,
2026-03-07,,2.961919327996535e-06,0.03061642870306969,0.03018985024342934,-2.337263322260696e-05,-5.594826424536829e-05,,1892.82470703125
2026-03-08,,3.039360452324521e-06,0.03054310567677021,0.03005155821641286,-6.034142643329687e-05,-5.477441617737592e-05,,
2026-03-09,,3.202009505306099e-06,,0.02994998569289843,,-5.320963733386937e-05,,
2026-03-10,,3.449866502099515e-06,,0.02988513273497423,,-5.125392759358268e-05,,
2026-03-11,5.538623099710094e-06,3.782931419967402e-06,,0.0298569992184639,5.151354343979619e-06,-4.890728701714882e-05,,
2026-03-12,7.817090590833686e-06,4.269341737502449e-06,,0.02986558526754379,4.655823067878373e-05,-4.551718395759963e-05,,1892.82470703125
2026-03-13,1.03716856756364e-05,4.692378987177411e-06,,0.0299328375607729,0.0003972428676206619,-3.19746230995103e-05,,1892.82470703125
2026-03-14,,4.709663395866907e-06,,0.03005875609815121,,-3.018973137992968e-05,,
2026-03-15,-5.061910542281112e-06,4.452004084972335e-06,0.03704537823796272,0.03024334087967873,-0.0002159954747185111,-3.814523081473453e-05,,
2026-03-16,-5.196878646529512e-06,4.172128721317374e-06,0.02439313381910324,0.03003388730188211,-0.0002025764842983335,-4.500246153232486e-05,,
2026-03-17,,4.076743509055329e-06,,0.03002903095136086,,-4.823800015098338e-05,,
2026-03-18,6.935557848919416e-06,4.165848448186201e-06,0.03500678762793541,0.03022877189020316,-2.433309600746725e-05,-4.785184646607377e-05,,1892.82470703125
2026-03-19,,4.265271528917462e-06,,0.03045217680434386,,-4.681354366766755e-05,,1892.82470703125
2026-03-20,,4.375012720932621e-06,0.03476443886756897,0.03069924556960662,-2.426229002594482e-05,-4.512309175576472e-05,,
2026-03-21,9.458729437028524e-06,4.495072039389924e-06,0.0326833464205265,0.03072878265132507,0.0001522189559182152,-3.689896263191865e-05,,
2026-03-22,,4.573106411953631e-06,0.03176603838801384,0.03057958092540503,,-3.096731919261704e-05,,1892.82470703125
2026-03-23,,4.634262230259385e-06,,0.03066100869327783,,-2.697912732401164e-05,,1892.82470703125
2026-03-24,,4.678539463990698e-06,,0.03073489610105753,1.673750375630334e-05,-2.493438726863436e-05,,1892.82470703125
2026-03-25,,4.705938113147567e-06,,0.03080124302456776,,-2.296490397893554e-05,,
2026-03-26,,4.733973408595678e-06,,0.03086675020555655,,-2.182317423127245e-05,,
2026-03-27,,4.762645335176785e-06,,0.0309314176440239,,-2.150919798526255e-05,,
2026-03-28,,4.791953908049133e-06,,0.03099524533996979,,-2.202297530153885e-05,,
2026-03-29,,4.8218991196336e-06,,0.03105823329339425,,-2.336450611946835e-05,,
2026-03-30,2.895619672926841e-06,4.819725055919358e-06,,0.03112038150429726,-8.40096254250966e-05,-2.521966115539935e-05,,
2026-03-31,,4.852270793283727e-06,,0.03130844583113988,-9.481547022005543e-05,-2.738892898281146e-05,,
2026-04-01,,4.919536339305826e-06,,0.03149394678572814,,-3.146510318607909e-05,,
2026-04-02,,5.02152170156478e-06,0.03226940706372261,0.03167688436806202,,-2.532082352348179e-05,,1892.82470703125
2026-04-03,,5.158226864902342e-06,,0.03186318085839351,,-2.049862646854213e-05,,1892.82470703125
2026-04-04,,5.32965185205588e-06,,0.03205283644298713,,-1.699851214252609e-05,,
2026-04-05,,5.535796617550659e-06,,0.03249217135210832,,-1.482048078796557e-05,,
2026-04-06,,5.776661206861415e-06,0.03316314145922661,0.03257706177731355,2.305820771653089e-06,-1.396453232149023e-05,,
2026-04-07,,6.052245574513412e-06,,0.03258612286299467,0.0001041823998093605,-8.480404780068322e-06,,1892.82470703125
2026-04-08,1.43790612128214e-05,6.362549765981385e-06,0.0284667331725359,0.03248594726125399,0.0002293015277246013,4.466628549693041e-07,,1892.82470703125
2026-04-09,,6.63676663255804e-06,,0.03230390225847562,,5.956705538423535e-06,,
2026-04-10,,6.874896159085135e-06,0.02541236579418182,0.03203998804092408,6.794188811909407e-05,8.04972333092735e-06,,
2026-04-11,,7.008800912444712e-06,,0.03179224940637747,,6.931170024534102e-06,,
2026-04-12,,7.029276609197647e-06,,0.031560686416924,,-7.708213007025695e-06,,1892.82470703125
2026-04-13,,7.27870305278581e-06,0.02965486235916615,0.03134529913465182,-9.687888086773455e-05,-1.395829891765269e-05,,1892.82470703125
2026-04-14,,7.757080212892713e-06,0.02811415866017342,0.03104759181539218,-2.226357992185513e-06,-6.83266169344184e-06,,1892.82470703125
2026-04-15,,8.211680453011165e-06,,0.03113800504555305,-0.0007351244566962123,-2.458426077337113e-05,,
2026-04-16,7.592852398374816e-06,8.435797546250494e-06,,0.03101790311435858,1.038746177073335e-05,-2.045618561830054e-05,,
2026-04-17,8.283675015263725e-06,8.480734785128637e-06,,0.03068728602180878,1.346903445664793e-05,-1.919611460283003e-05,,1892.82470703125
2026-04-18,3.306578832962259e-07,8.232536202967822e-06,0.02407964691519737,0.03032708708196879,-2.84164258346209e-07,-1.839566364421804e-05,,1892.82470703125
2026-04-19,9.138351742876694e-06,8.249892181311224e-06,,0.02998990801473459,6.21456783846952e-05,-1.551539803053004e-05,,
2026-04-20,,8.288669973429326e-06,,0.02974107936024666,-0.0002232687984360382,-2.803165650900515e-05,,
2026-04-21,,8.401212636499621e-06,,0.02954180824259917,,-3.584808486642998e-05,,
2026-04-22,,8.587520140205622e-06,,0.02935999240726233,,-3.896468286027262e-05,,1892.82470703125
2026-04-23,,8.847592514863815e-06,,0.02919563185423613,,-3.738145049053306e-05,,1892.82470703125
2026-04-24,1.65569090313511e-05,9.181429760474202e-06,,0.02904872670769692,0.0001600688992766663,-3.204403103325148e-05,,1892.82470703125
2026-04-25,,9.37561304870845e-06,,0.02891927684346835,0.0004205860022921115,-1.746300184872022e-05,,
2026-04-26,6.719204066030215e-06,9.430142425041292e-06,,0.02880728219946226,-0.0001483593950979412,-2.128711299083837e-05,,
2026-04-27,,9.483812192456753e-06,,0.02871274283776681,-0.0001960950467037037,-2.614270620616329e-05,,
2026-04-28,,9.536622358533957e-06,0.02977384254336357,0.028635658758382,3.377261236892082e-05,-2.27763378054154e-05,,1892.82470703125
2026-04-29,4.454136615095194e-06,9.588572923272902e-06,,0.02856378940244516,1.585064092068933e-05,-1.944766226055587e-05,,
2026-04-30,1.532167516415939e-05,9.96024351138658e-06,,0.02849713495622079,0.000155820045620203,-1.109314506588059e-05,,
2026-05-01,,1.019710902217715e-05,,0.02843569523344437,,-3.620372070637738e-06,,
2026-05-02,,1.029916941016988e-05,,0.02837947023411592,,2.970656240108838e-06,,
2026-05-03,,1.026642470568125e-05,,0.02832253767798344,0.0001250236964551732,8.67994023015702e-06,,
2026-05-04,4.248815457685851e-06,1.009887489355303e-05,0.03098706528544426,0.02826489737878243,4.317812999943271e-05,1.112147596794936e-05,,
2026-05-05,3.530584308464313e-06,9.864852796681588e-06,,0.02821670677512884,,,,
2026-05-06,-6.044708243280184e-06,9.26912300466635e-06,,0.02817796599119902,6.602575012948364e-06,1.18042638357944e-05,,
2026-05-07,1.47975106301601e-06,8.881677276425156e-06,,0.02823439619193474,-1.081545360648306e-05,1.136688802318986e-05,,
2026-05-08,,8.722441579796699e-06,,0.0283859974394242,,9.315536668926446e-06,,
2026-05-09,1.772422911017202e-05,8.862223033171783e-06,0.03352169692516327,0.0286054023851951,9.609917469788343e-05,4.875458234702516e-06,,1892.82470703125
2026-05-10,,8.780421654819293e-06,0.0292123444378376,0.02873206833998362,4.716241164715029e-05,1.493481692212602e-06,,1892.82470703125
2026-05-11,,8.477037422001862e-06,,0.02876901105046272,,9.612360552561464e-07,,
2026-05-12,-4.763055130752036e-06,7.95207036503598e-06,0.02665727958083153,0.02871623045454423,5.678662637365051e-05,2.42073588481162e-06,,
2026-05-13,,7.476339743561766e-06,,0.02861245336631934,,5.805242399029945e-06,,
2026-05-14,,7.049845587895713e-06,,0.02855617540578047,,1.111475581012655e-05,,
2026-05-15,,6.672587867721329e-06,,0.02852966071416934,,1.336284998293043e-05,,
2026-05-16,,6.344566598196858e-06,,0.02853290929148595,,4.013454563676078e-05,,
2026-05-17,,6.014478486804364e-06,,0.02856592113773028,,4.21495088659185e-05,,1892.82470703125
2026-05-18,,5.970451525172393e-06,,0.02862869625290235,,4.415541786310465e-05,,1892.82470703125
2026-05-19,,5.653795346916013e-06,,0.02866863310337067,,4.671343167501618e-05,,1892.82470703125
2026-05-20,,5.308642698764743e-06,,0.02868573162704706,,4.728411558971857e-05,,1892.82470703125
2026-05-21,,4.934993580718583e-06,,0.02867999188601971,8.207614155253395e-05,5.74622802560043e-05,,1892.82470703125
2026-05-22,,4.532847992777534e-06,,0.02865141381820043,,6.23471857579716e-05,,1892.82470703125
2026-05-23,2.153935838578036e-06,4.102205934941594e-06,,0.02859999742358923,-4.385057400213555e-05,6.193883161055661e-05,,
2026-05-24,,3.63266139326394e-06,,0.02852574270218611,,5.975021549602389e-05,,1892.82470703125
2026-05-25,2.787209723464912e-06,3.33763318091466e-06,0.02515279315412045,0.02842864965399106,4.100255682715215e-05,5.578133741437341e-05,,1892.82470703125
2026-05-26,5.563847935263766e-06,3.299121309889112e-06,,0.02830483547101418,4.538152643362992e-05,4.327452155242402e-05,,1892.82470703125
2026-05-27,,3.381586589057406e-06,,0.02815430002907912,,4.828975599290667e-05,,1892.82470703125
2026-05-28,,3.585029033577788e-06,0.02445614337921143,0.02797704339027405,,5.345338257332817e-05,,1892.82470703125
2026-05-29,,3.909448643450256e-06,0.02762753888964653,0.02789875982950131,,4.95119576498837e-05,,
2026-05-30,,3.967426687268017e-06,0.02612983249127865,0.02776381255437931,,4.472513533073652e-05,,1892.82470703125
2026-05-31,1.99353089556098e-05,4.213488296045398e-06,,0.02763410670061906,-0.0001710379146970809,3.382986998682706e-05,,1892.82470703125
2026-06-01,,4.249738996501643e-06,0.02684872411191463,0.02750964226822058,-5.521241473616101e-05,2.71376361373162e-05,,
2026-06-02,,4.076178792426314e-06,,0.02742180867741505,-0.0001155298959929496,1.877700156001083e-05,,
2026-06-03,-7.252318027894944e-06,3.692807676240288e-06,,0.02737060599029064,-0.0001494246680522338,9.628722743097266e-06,,
2026-06-04,1.241480913449777e-05,3.988948503774736e-06,,0.02734587676823139,0.0001113110483856872,1.189982002263908e-05,,1892.82470703125
2026-06-05,,4.341453537411629e-06,,0.02734762107332548,-0.0001554777409182861,6.497142824931264e-06,,1892.82470703125
2026-06-06,-3.353923375470913e-06,4.180331056128732e-06,0.03335437551140785,0.02737583878139655,4.293767415219918e-05,8.288913750220673e-06,,1892.82470703125
2026-06-07,,3.789563322698086e-06,,0.02730742363880078,0.0001853918802225962,1.304724778492528e-05,,
2026-06-08,,3.169150357962281e-06,0.028570257127285,0.02714237564553817,,1.400119810265702e-05,,
2026-06-09,,2.839692172074137e-06,,0.02714273432890574,,1.456390114071837e-05,,
2026-06-10,,2.801188755559754e-06,,0.02720743902027607,,1.294372755182849e-05,,
2026-06-11,2.810485511872685e-06,3.053640110313912e-06,,0.02733648978173733,-5.730487828259356e-05,9.140677396620353e-06,,1892.82470703125
2026-06-12,,3.423726161599916e-06,,0.02749115979919831,-0.0001697586267255247,1.495504102422274e-06,,1892.82470703125
2026-06-13,1.112620248022722e-05,3.911446924576012e-06,0.03183449804782867,0.02767144907265901,5.355352550395764e-05,1.200404237048739e-06,,
2026-06-14,,4.243303093668753e-06,,0.02784057129174471,,-1.14201869412985e-06,,
2026-06-15,,4.419294668878138e-06,,0.02799852633227905,,-5.531764721429985e-06,,
2026-06-16,-1.015158773043368e-06,4.439421653993729e-06,,0.02814531431843837,-0.0001222757127834484,-1.196883376906044e-05,,1892.82470703125
2026-06-17,,4.591072998512876e-06,,0.02828093518813451,-1.299372161156498e-05,-1.485683463518702e-05,,1892.82470703125
2026-06-18,8.133937626553234e-06,4.874248706225141e-06,,0.0284053888792793,0.0001082975068129599,-1.379545941138834e-05,,
2026-06-19,,5.144481334203495e-06,0.02913003973662853,0.0285186754539609,0.0001816759759094566,-1.038180007526535e-05,,
2026-06-20,,5.401770852131449e-06,,0.02864671871066093,-6.723448314005509e-05,-1.535882089835165e-05,,1892.82470703125
2026-06-21,,5.646117290325492e-06,0.02978398278355598,0.02878951871146758,,-1.806590835258248e-05,,1892.82470703125
2026-06-22,9.096036592382006e-06,5.877520648785624e-06,,0.02889223967989286,-5.696520020137541e-05,-1.850306255922381e-05,,1892.82470703125
2026-06-23,,6.136997562104322e-06,,0.02895488155384858,-4.733650257549016e-06,-1.861338394822572e-05,,
2026-06-24,,6.424547999965095e-06,,0.02897744433333476,,-1.924656882389778e-05,,
2026-06-25,,6.658171920056096e-06,,0.02896381095051765,,-1.913436409874218e-05,,
2026-06-26,1.373140912619419e-05,6.834614225681435e-06,,0.02891398146748543,7.548832945758477e-05,-1.66880077207073e-05,,1892.82470703125
2026-06-27,-2.212899943287994e-07,6.450156811392086e-06,0.02187537215650082,0.02882795576006174,0.0001727160852169618,-9.55792990377328e-06,,1892.82470703125
2026-06-28,,5.990426628936044e-06,,0.02863860881576935,3.338956230436452e-05,-5.629273315814013e-06,,
2026-06-29,,5.455423707208714e-06,,0.02850157730281353,,-5.814660956578639e-07,,
2026-06-30,,4.845148017788385e-06,,0.02835495620965958,,5.585491483846757e-06,,
2026-07-01,,4.557494064272305e-06,,0.02819874547421932,,7.567953237715604e-06,,1892.82470703125
2026-07-02,,4.592461827712668e-06,0.02223416045308113,0.02800155567626158,-5.447936928248964e-06,1.123735187320563e-05,,1892.82470703125
2026-07-03,,4.950051315688597e-06,0.02799677476286888,0.02795308201263348,-4.484168312046677e-05,1.472345137093119e-05,,1892.82470703125
2026-07-04,4.09147605751059e-06,4.672606879789025e-06,,0.02793622103830179,0.0002134984824806452,1.812969917409646e-05,,1892.82470703125
2026-07-05,,4.798616112585326e-06,,0.02795097269117832,,3.109611629952269e-05,,
2026-07-06,1.252996389666805e-05,5.328079021656625e-06,0.03474530950188637,0.02799733715752761,0.0002535310632083565,3.811589593472793e-05,,1892.82470703125
2026-07-07,1.288568398649659e-07,5.403075639283846e-06,0.024580929428339,0.02778462426116069,0.0001151194592239335,3.577348190143918e-05,,1892.82470703125
2026-07-08,,5.45360098603472e-06,0.03162375837564468,0.02788640763610601,8.673997945152223e-05,3.450755840882873e-05,,1892.82470703125
2026-07-09,,5.479655066646198e-06,,0.02793581901739041,4.06124017899856e-05,3.372652170886188e-05,,1892.82470703125
2026-07-10,1.625088088985649e-06,5.4812378792235e-06,0.02978713437914848,0.02793285840501388,-4.437464667716995e-05,3.213505644149943e-05,,
2026-07-11,,5.418406368088805e-06,0.02209873124957085,0.0276518560325106,,3.425526738283224e-05,,1892.82470703125
2026-07-12,,5.193661319443284e-06,,0.02733335414280494,,4.181313985706462e-05,,1892.82470703125
2026-07-13,-4.735555876322906e-07,4.8070027171813e-06,,0.02697735273589691,0.0001076536427717656,4.361647709932489e-05,,
2026-07-14,1.694336219770776e-06,4.627511190354501e-06,,0.0266206381842494,1.502038139733486e-05,4.428569717068361e-05,,
2026-07-15,,4.792794905483789e-06,0.02021018229424953,0.0262632105499506,2.361460246902425e-05,4.719504951632795e-05,,
2026-07-16,,5.302853870148283e-06,,0.02596710758904616,-7.228361209854484e-05,4.886145287249141e-05,,
2026-07-17,2.058274731098209e-05,5.870299134850635e-06,,0.02573232930153608,-0.0002645548374857754,4.047608234335105e-05,,1892.82470703125
2026-07-18,,6.21114782669944e-06,0.02437717653810978,0.02555887574950854,,3.227551883355773e-05,,
2026-07-19,,6.469867388621727e-06,,0.02553087150057157,-1.088394765247358e-05,2.585685471482672e-05,,1892.82470703125
2026-07-20,,6.646457850933984e-06,,0.02562239281833172,,2.792590245614216e-05,,
2026-07-21,,6.740919183319724e-06,0.0361153855919838,0.02583343957861265,,3.001449197957603e-05,,
2026-07-22,,6.753251385778943e-06,,0.02589737828820944,,3.212262340639427e-05,,
2026-07-23,7.242654191941256e-06,6.652843852824238e-06,0.02465270087122917,0.02581420900921027,1.199963935505366e-05,3.268039972681436e-05,,1892.82470703125
2026-07-24,,6.485757185714647e-06,,0.02582177283863226,,2.988095551093769e-05,,1892.82470703125
2026-07-25,,6.251991384450169e-06,,0.02592006977647543,,2.372429083455548e-05,,
2026-07-26,,5.95154640355607e-06,0.02886437438428402,0.02610909976065159,,1.421040606146562e-05,,
2026-07-27,,6.088140348481374e-06,,0.02635610097398361,-0.0002839041699189693,-1.010269109732083e-06,,1892.82470703125
2026-07-28,,6.176146267478089e-06,,0.02661474465082089,,-9.853926500606274e-06,,1892.82470703125
2026-07-29,,6.215564161967298e-06,,0.02688503085325162,,-1.664113772979666e-05,,1892.82470703125
2026-07-30,,6.206394026264661e-06,,0.02716695958127578,,-2.137190276698675e-05,,1892.82470703125
2026-07-31,5.104027422930812e-07,6.148635860370177e-06,,0.02746053089698156,-7.596813520649448e-05,-2.404622186986671e-05,,
2026-08-01,-2.781300281640142e-06,5.960617278806997e-06,0.03139057382941246,0.0277657446761926,1.962024362001102e-05,-2.321061585159138e-05,,
2026-08-02,7.175021892180666e-06,6.083939121500255e-06,0.03128364682197571,0.02787530707816283,-2.730344931478612e-05,-2.262600805806869e-05,,1892.82470703125
2026-08-03,,6.151354142976592e-06,,0.02782058951755365,,-2.971786460269262e-05,,
2026-08-04,,6.042757868366759e-06,0.02592587098479271,0.02760159199436506,2.878902159864083e-05,-3.654205631088796e-05,,
2026-08-05,,5.758150297670758e-06,,0.02730097752064466,,-4.248674651231947e-05,,
2026-08-06,,5.851543122522193e-06,,0.02733254252622525,0.000121591700008139,-4.227100515284595e-05,,
2026-08-07,,5.892941320458552e-06,,0.0271227133149902,6.371649214997888e-05,-4.303845472956406e-05,,1892.82470703125
2026-08-08,8.08451432021684e-07,5.882344888637666e-06,,0.02693686131387949,1.214596886711661e-05,-4.398733582699303e-05,,1892.82470703125
2026-08-09,,5.81434461016291e-06,0.02493089064955711,0.02677498652289311,,-4.850076197726594e-05,,
2026-08-10,,5.728883536922543e-06,,0.02698588048418363,-0.0003717008221428841,-6.110083771394177e-05,,
2026-08-11,-2.861663688236149e-06,5.62596167033765e-06,0.03192020952701569,0.02732900101691484,-2.848230360541493e-05,-6.394949941750383e-05,,
2026-08-12,4.16640290268333e-07,5.655634866267671e-06,,0.02766878784944614,-2.775247958197724e-05,-6.846303682929525e-05,,1892.82470703125
2026-08-13,,5.739839057620581e-06,,0.02800524079551299,,-6.858833715644626e-05,,1892.82470703125
2026-08-14,,5.740966073138528e-06,,0.02833836004137993,,-6.769964981382752e-05,,1892.82470703125
2026-08-15,1.182810501632048e-05,5.659015901452828e-06,,0.02860610764473677,8.928907482186332e-05,-6.231389358314724e-05,,1892.82470703125
2026-08-16,-1.239779749084846e-06,4.93159833278393e-06,0.02905945852398872,0.02880848366767168,0.0001670572382863611,-4.79268243907427e-05,,
2026-08-17,6.784109245927539e-06,4.545755361580935e-06,0.03322684392333031,0.02910347258051237,2.240864523628261e-05,-4.258922293350528e-05,,1892.82470703125
2026-08-18,1.145635724242311e-05,4.389765621226616e-06,,0.02926184715082248,0.0002565600734669715,-3.367442222952377e-05,,1892.82470703125
2026-08-19,,4.307724954818089e-06,,0.0292836074406902,,-3.239999379426687e-05,,1892.82470703125
2026-08-20,1.14466038212413e-05,4.299633362355356e-06,,0.02916875338802735,-0.0001904204691527411,-3.876593762773457e-05,,
2026-08-21,4.315703336033039e-06,4.127956718017837e-06,,0.02923875438670317,0.0001923252420965582,-3.25643876446217e-05,,1892.82470703125
2026-08-22,8.882714610081166e-06,4.182625398622501e-06,0.03229837864637375,0.02949361031254133,-7.151714089559391e-05,-3.534828031964329e-05,,1892.82470703125
2026-08-23,,4.219038155876357e-06,,0.02973057155807813,,-3.608684167678196e-05,,1892.82470703125
2026-08-24,,4.237194989779406e-06,,0.02994963793704907,,-3.478007192825316e-05,,1892.82470703125
2026-08-25,,4.237095915489894e-06,,0.03015080963571866,-0.0001093651953851804,-3.142797131658881e-05,,1892.82470703125
2026-08-26,3.325878196847043e-06,4.21874091027045e-06,,0.03036684840917587,-7.601519610034302e-05,-2.449833885596793e-05,,1892.82470703125
2026-08-27,,4.203961909373296e-06,0.03663362190127373,0.03059775444368521,,-1.705684756719469e-05,,
2026-08-28,1.85737576430256e-06,4.192758912798429e-06,0.03201808407902718,0.03066077480713526,5.866435458301567e-05,-9.103497450269061e-06,1892.82470703125,1892.82470703125
2026-08-29,2.159944642698974e-06,4.219692594157702e-06,,0.0307097606981794,-3.214981916244142e-05,-5.910086808095609e-06,,1892.82470703125
