DATE_TIME,NO2,CO,SO2,CH4
2025-08-30,1.030403200275032e-05,0.02654056437313557,7.386825927824248e-06,1892.82470703125
2025-08-31,1.030403200275032e-05,0.02654056437313557,7.386825927824248e-06,1892.82470703125
2025-09-01,1.030403200275032e-05,0.02654056437313557,-0.00017250794981800674,1892.82470703125
2025-09-02,1.030403200275032e-05,0.02654056437313557,-0.000234666295000352,1892.82470703125
2025-09-03,1.030403200275032e-05,0.02654056437313557,-0.0001790882096192117,1892.82470703125
2025-09-04,1.030403200275032e-05,0.02654056437313557,-5.773693674585641e-06,1892.82470703125
2025-09-05,1.030403200275032e-05,0.02654056437313557,0.0001604893221867982,1892.82470703125
2025-09-06,1.030403200275032e-05,0.02654056437313557,0.0001949129073182121,1892.82470703125
2025-09-07,9.105496551379485e-06,0.02628522094335042,9.749706171965596e-05,1892.82470703125
2025-09-08,8.230120527176465e-06,0.026077833642496776,6.852320666439482e-07,1892.82470703125
2025-09-09,7.677903930141257e-06,0.025918402470574652,1.297364451602334e-05,1892.82470703125
2025-09-10,7.448846760273863e-06,0.02580692742758404,-9.321024044206616e-06,1892.82470703125
2025-09-11,7.542949017574281e-06,0.025743408513524947,-9.014599413271267e-05,1892.82470703125
2025-09-12,7.960210702042512e-06,0.02572784572839737,-0.0002295012657494949,1892.82470703125
2025-09-13,8.700631813678558e-06,0.025760239072201305,-0.0003242191649988924,1892.82470703125
2025-09-14,9.764212352482417e-06,0.025819058874521385,-0.0002711320179852445,1892.82470703125
2025-09-15,1.1150952318454089e-05,0.02577512711286545,-7.023982470855117e-05,1892.82470703125
2025-09-16,1.286085171159357e-05,0.025606914116818133,0.0001906051184050739,1892.82470703125
2025-09-17,1.28814926938503e-05,0.025314419886379422,6.44826068310067e-05,1892.82470703125
2025-09-18,1.844873850131989e-06,0.02489764442154933,-4.876991442870349e-05,1892.82470703125
2025-09-19,-6.022388978345062e-06,0.025097415235228696,-2.978908792712323e-05,1892.82470703125
2025-09-20,-8.013790178369716e-06,0.02665455984031835,4.285563409212045e-05,1892.82470703125
2025-09-21,-4.98854787665183e-06,0.02956907823681831,8.406650214958807e-05,1892.82470703125
2025-09-22,-2.1019708334506113e-06,0.03384097042472857,7.223220018204302e-05,1892.82470703125
2025-09-23,-2.132771754759233e-07,0.03687675297260284,-9.24184041650733e-06,1892.82470703125
2025-09-24,6.775330972722332e-07,0.03608294244899483,-0.00013025513490259882,1892.82470703125
2025-09-25,8.298563503262635e-07,0.031935250915230376,-0.0001611405605217442,1892.82470703125
2025-09-26,1.800070776880602e-06,0.02728795073926449,-1.531498492113315e-05,1892.82470703125
2025-09-27,3.8475727424676535e-06,0.02331777475774288,7.881813423263593e-05,1892.82470703125
2025-09-28,6.972362247087418e-06,0.02423084762258485,8.319155399512996e-05,1892.82470703125
2025-09-29,8.550636620431169e-06,0.02946392684200882,5.3679302579628486e-05,1892.82470703125
2025-09-30,5.958593192190165e-06,0.03143143281340599,4.615540819941089e-05,1892.82470703125
2025-10-01,-2.903822426958413e-08,0.02886910226967487,2.96921771223424e-05,1892.82470703125
2025-10-02,-4.390814410726307e-06,0.02485382743179798,-0.0001230676134582609,1892.82470703125
2025-10-03,-4.113619525659424e-06,0.022462500520757805,-9.379801975778478e-05,1892.82470703125
2025-10-04,1.9138979638971295e-07,0.021695121536554354,0.00011234127127214329,1892.82470703125
2025-10-05,2.618887720018392e-06,0.02255169047918762,0.0001151385004050098,1892.82470703125
2025-10-06,4.341601652413374e-06,0.0241844490558993,-8.667224028613418e-05,1892.82470703125
2025-10-07,1.8301221872097937e-05,0.02574563897393111,-0.00012047463913646833,1892.82470703125
2025-10-08,2.136485272785649e-05,0.02723526023328304,-2.979370401590131e-05,1892.82470703125
2025-10-09,-5.238175617705565e-06,0.028653312833955093,7.148550503188744e-05,1892.82470703125
2025-10-10,-2.2392818003138883e-05,0.029999796775947263,0.00013381898662909397,1892.82470703125
2025-10-11,-2.35799002348686e-05,0.031274712059259566,0.000148949407212751,1892.82470703125
2025-10-12,-1.1146412124252183e-05,0.032399040062894444,0.00012237644913679633,1892.82470703125
2025-10-13,8.257074605654825e-07,0.03329376216585434,8.709820652485668e-05,1892.82470703125
2025-10-14,9.989468708226923e-06,0.03395887836813927,4.861436173086986e-05,1892.82470703125
2025-10-15,1.623395110073034e-05,0.03439438866974922,4.280459506844636e-06,1892.82470703125
2025-10-16,1.8893631530064944e-05,0.0346002930706842,-6.177023163516653e-05,1892.82470703125
2025-10-17,1.785758947822893e-05,0.034576591570944205,-0.0001137247236329131,1892.82470703125
2025-10-18,1.3125824945222302e-05,0.034323284170529246,-0.00011312557317615321,1892.82470703125
2025-10-19,7.51726201436715e-06,0.03384037086943931,-5.997278026488694e-05,1892.82470703125
2025-10-20,3.850824768985559e-06,0.03312785166767439,-1.2631380078293747e-05,1892.82470703125
2025-10-21,2.12651320907753e-06,0.03221203052391731,-2.94664077955531e-05,1892.82470703125
2025-10-22,2.344327334643065e-06,0.03125073119026489,-0.00011047786341666503,1892.82470703125
2025-10-23,4.504267145682161e-06,0.03027025762539995,-0.00025566574694162956,1892.82470703125
2025-10-24,7.980786495262206e-06,0.029270609829322475,-0.000432226990335219,1892.82470703125
2025-10-25,9.02060850178754e-06,0.028251787802032476,-0.00044334318538606757,1892.82470703125
2025-10-26,6.998187018325552e-06,0.02721379154352995,-0.0002562112640589476,1892.82470703125
2025-10-27,2.897286776715191e-06,0.02615662105381489,2.602974927867763e-05,1892.82470703125
2025-10-28,2.47984803536383e-06,0.02536521293222904,-8.174632239388302e-05,1892.82470703125
2025-10-29,5.085833890916547e-06,0.02654918677482275,2.285913615196478e-05,1892.82470703125
2025-10-30,5.166737537365407e-06,0.02809298411011696,-4.236363747622818e-05,1892.82470703125
2025-10-31,-1.7276436853255187e-06,0.02854568883776665,-4.197225109692226e-07,1892.82470703125
2025-11-01,-1.208293497256818e-06,0.03060477478062647,8.962918946053833e-05,1892.82470703125
2025-11-02,1.75193290488096e-05,0.03335333243012428,-3.641518560471013e-05,1892.82470703125
2025-11-03,2.923808213630572e-05,0.035424873307212175,-0.0001649529390662357,1892.82470703125
2025-11-04,2.974510879580354e-05,0.03681939741189015,-0.0002521714165435812,1892.82470703125
2025-11-05,2.0694852916307634e-05,0.0375369047441582,-0.0002910023159350275,1892.82470703125
2025-11-06,1.2013977831845381e-05,0.037577395304016346,-0.00023903582463025933,1892.82470703125
2025-11-07,5.356927431421354e-06,0.036940869091464566,-8.920364052755758e-05,1892.82470703125
2025-11-08,7.237017150355531e-07,0.03568969239553814,7.138225919334218e-05,1892.82470703125
2025-11-09,-1.8856993173120232e-06,0.03419806295044875,-0.0001817121665226296,1892.82470703125
2025-11-10,-2.471275665621374e-06,0.032528347045231665,-0.0003461719627151442,1892.82470703125
2025-11-11,-1.90354449516914e-06,0.03068054467988689,-0.0003237593073608572,1892.82470703125
2025-11-12,-1.0530229712319607e-06,0.028654655854414436,-0.00019814725633351263,1892.82470703125
2025-11-13,8.028890619016238e-08,0.02645068056881428,-5.300886550685391e-05,1892.82470703125
2025-11-14,1.4963911370972312e-06,0.02414821833372116,7.692540384596214e-05,1892.82470703125
2025-11-15,3.195283721489244e-06,0.022224866212943443,2.691621193662286e-05,1892.82470703125
2025-11-16,5.176966659366202e-06,0.020760223717115854,1.326822439295938e-05,1892.82470703125
2025-11-17,7.441439950728105e-06,0.019754290846238382,1.467222784893812e-05,1892.82470703125
2025-11-18,9.988703595574952e-06,0.019207067600311045,2.0302782101782253e-05,1892.82470703125
2025-11-19,1.2818757593906742e-05,0.019118553979333826,3.0159887151491775e-05,1892.82470703125
2025-11-20,1.593160194572348e-05,0.019488749983306734,4.4243542998066686e-05,1892.82470703125
2025-11-21,1.932723665102516e-05,0.020317655612229764,6.255374964150699e-05,1892.82470703125
2025-11-22,2.3005661709811786e-05,0.02160527086610293,8.509050708181268e-05,1892.82470703125
2025-11-23,2.6966877122083355e-05,0.023261681329315657,0.00011185381531898377,1892.82470703125
2025-11-24,3.121088288783988e-05,0.024747400508204655,0.00014284367435302023,1892.82470703125
2025-11-25,3.4996870829584985e-05,0.025972513987159374,0.0001755473309483849,1892.82470703125
2025-11-26,3.7584032769822376e-05,0.0269370217661798,0.0001948882656918544,1892.82470703125
2025-11-27,3.897236870855202e-05,0.027640923845265945,0.0001983537253478915,1892.82470703125
2025-11-28,3.916187864577391e-05,0.02808422022441781,0.00018594370991649624,1892.82470703125
2025-11-29,3.815256258148807e-05,0.02826691090363538,0.00015765821939766857,1892.82470703125
2025-11-30,3.59444205156945e-05,0.028188995882918677,0.00011349725379140856,1892.82470703125
2025-12-01,3.2537452448393174e-05,0.02785047516226768,5.3460813097716184e-05,1892.82470703125
2025-12-02,2.7931658379584118e-05,0.02725134874168241,-2.2451102683408657e-05,1892.82470703125
2025-12-03,2.212703830926732e-05,0.02751798741519451,-0.0001142384935519658,1892.82470703125
2025-12-04,1.5123592237442788e-05,0.02977676197683568,-0.0001863936777226627,1892.82470703125
2025-12-05,6.921320164110512e-06,0.03109080158174038,-7.450288103427738e-05,1892.82470703125
2025-12-06,-2.070836444545421e-06,0.02918673306703568,-2.169942672480829e-05,1892.82470703125
2025-12-07,-9.399228791420513e-06,0.028045542524677034,2.301734334690086e-06,1892.82470703125
2025-12-08,-1.4654915410330673e-05,0.02833072763665705,1.0653496424130984e-05,1892.82470703125
2025-12-09,-1.7837896301275914e-05,0.03004228840297572,3.355859543514419e-06,1892.82470703125
2025-12-10,-1.894817146425623e-05,0.03318022482363303,-1.9591176307159643e-05,1892.82470703125
2025-12-11,-1.7985740899271616e-05,0.037744536898629,-5.818761112789116e-05,1892.82470703125
2025-12-12,-1.519620206748804e-05,0.04183170724346774,-9.986988077935833e-05,1892.82470703125
2025-12-13,-1.2053139735901247e-05,0.04353821847365338,-0.00013207442112223936,1892.82470703125
2025-12-14,-8.802151365677194e-06,0.042864070589185906,-0.0001548012321565342,1892.82470703125
2025-12-15,-5.4432369568158855e-06,0.03980926359006534,-0.00016805031388224292,1892.82470703125
2025-12-16,-1.976396509317321e-06,0.03437379747629166,-0.0001718216662993655,1892.82470703125
2025-12-17,1.598369976818503e-06,0.02794068492949009,-0.0001362510374747217,1892.82470703125
2025-12-18,4.237283519614721e-06,0.028808002039411893,3.796549935941584e-05,1892.82470703125
2025-12-19,1.304543843616557e-06,0.03258976712822914,-3.31208466377575e-05,1892.82470703125
2025-12-20,1.5176136652856329e-06,0.03351698583648871,-3.653286301277972e-05,1892.82470703125
2025-12-21,5.767969082574131e-06,0.0330459401011467,4.489706407184713e-05,1892.82470703125
2025-12-22,9.643224984756671e-06,0.03263585269451141,0.0001125685957958922,1892.82470703125
2025-12-23,1.04521750472486e-05,0.03230436862869607,-4.166612416156568e-05,1892.82470703125
2025-12-24,-8.097249519778416e-07,0.03205442873905286,4.442606950760819e-05,1892.82470703125
2025-12-25,-9.716432130524379e-06,0.03188603302558181,0.00016995590539151882,1892.82470703125
2025-12-26,-1.3537637873636235e-05,0.0317991814882829,0.0002558890696695505,1892.82470703125
2025-12-27,-1.2836221615506435e-05,0.031777362681872326,0.0001225100131705403,1892.82470703125
2025-12-28,-1.098945996129316e-05,0.03172150793464733,-0.0001491135481046513,1892.82470703125
2025-12-29,-8.560232345189434e-06,0.03161510580132407,1.57115518959472e-05,1892.82470703125
2025-12-30,-5.548538767195259e-06,0.03145815628190257,0.0001794335459555973,1892.82470703125
2025-12-31,-1.9543792273106337e-06,0.03125065937638283,0.00025062375494994463,1892.82470703125
2026-01-01,2.222246274464443e-06,0.030992615084764842,0.0002379042236209733,1892.82470703125
2026-01-02,6.981337738129964e-06,0.0306840234070486,0.00019300722042058692,1892.82470703125
2026-01-03,1.2322895163685939e-05,0.03046247545069383,0.0001245547900907695,1892.82470703125
2026-01-04,1.8246918551132357e-05,0.031153517860458734,3.254693263152109e-05,1892.82470703125
2026-01-05,2.3023785780814924e-05,0.03289474174380302,-4.874123987974599e-05,1892.82470703125
2026-01-06,2.4923874733079317e-05,0.03473242744803429,-8.503461536561938e-05,1892.82470703125
2026-01-07,2.394718540792555e-05,0.03234855085611343,-7.636057125637308e-05,1892.82470703125
2026-01-08,2.009371780535362e-05,0.03321515511003947,-2.2746484982281042e-05,1892.82470703125
2026-01-09,1.3363471925363516e-05,0.03873653400892767,6.25968983657e-05,1892.82470703125
2026-01-10,3.756447767955251e-06,0.04281569997871234,0.00010040510824183,1892.82470703125
2026-01-11,-5.460039574245457e-06,0.03935566544532776,6.092143667046912e-05,1892.82470703125
2026-01-12,2.036506430158624e-06,0.03200484812259674,-9.770210454007611e-05,1892.82470703125
2026-01-13,9.825036727650406e-06,0.0391426682472229,-8.320763299707323e-05,1892.82470703125
2026-01-14,1.4624157293872762e-05,0.04335102725562974,-5.2744696110199345e-05,1892.82470703125
2026-01-15,1.6433868128825686e-05,0.04166057136938233,-4.207618330046813e-05,1892.82470703125
2026-01-16,1.5254169232509181e-05,0.03732169419527054,-4.5238986088730394e-05,1892.82470703125
2026-01-17,1.2761513843571622e-05,0.030876128001092636,-2.6454453600091087e-05,1892.82470703125
2026-01-18,1.0632355200661386e-05,0.02666407637298107,2.024052264459897e-05,1892.82470703125
2026-01-19,8.866693303778463e-06,0.02902574289706826,8.701705519342795e-05,1892.82470703125
2026-01-20,7.464528152922867e-06,0.03330201655626297,0.0001168249727925286,1892.82470703125
2026-01-21,6.425859748094586e-06,0.034833786333473976,4.13743087356125e-05,1892.82470703125
2026-01-22,7.230461960716639e-06,0.03508919849991798,-6.546846270794049e-05,1892.82470703125
2026-01-23,1.1358108662212033e-05,0.03553639932681168,-0.0001125970666180365,1892.82470703125
2026-01-24,1.502707436884521e-05,0.03614849705973535,-3.09755741909612e-05,1892.82470703125
2026-01-25,1.377160515403375e-05,0.03676414117217064,0.0002198197325924411,1892.82470703125
2026-01-26,5.368598976929206e-06,0.0373564399096978,3.107741940766573e-05,1892.82470703125
2026-01-27,4.2043909208115255e-07,0.03792539327231686,-9.772420919504455e-05,1892.82470703125
2026-01-28,4.4330009465087015e-07,0.03847100126002779,-8.076501389202023e-05,1892.82470703125
2026-01-29,3.247817858209601e-06,0.038993263872830614,-2.569092430348974e-05,1892.82470703125
2026-01-30,8.469098361685887e-06,0.03949218111072531,3.542213380569592e-05,1892.82470703125
2026-01-31,1.6107141605079723e-05,0.03996775297371191,1.776453546665922e-05,1892.82470703125
2026-02-01,2.483104761264785e-05,0.04041997946179038,-6.69327735664362e-05,1892.82470703125
2026-02-02,2.6655416529930693e-05,0.040848860574960746,-6.347449379973114e-05,1892.82470703125
2026-02-03,2.024934838118497e-05,0.041106921817525045,1.312526637775591e-05,1892.82470703125
2026-02-04,7.156146693887422e-06,0.04104668869378531,-5.043532655690797e-05,1892.82470703125
2026-02-05,-3.3643673671016256e-06,0.04066816120374158,-0.0001056598703144118,1892.82470703125
2026-02-06,-9.76889027430544e-06,0.03997133934739382,-0.00013552407200723702,1892.82470703125
2026-02-07,-1.2057422027724031e-05,0.03895622312474204,-0.00014252023553830342,1892.82470703125
2026-02-08,-1.1624201357351756e-05,0.03762281253578626,-0.00012780213546548076,1892.82470703125
2026-02-09,-9.863466993182982e-06,0.03597110758052646,-9.829241913598711e-05,1892.82470703125
2026-02-10,-6.775218935217708e-06,0.03400110825896263,-5.514486110769212e-05,1892.82470703125
2026-02-11,-2.359457183455935e-06,0.03171281457109481,1.6405386194041417e-06,1892.82470703125
2026-02-12,2.136355305992765e-06,0.029106226516922955,3.707694486365654e-05,1892.82470703125
2026-02-13,5.464755577018816e-06,0.026181344096447096,2.266950832563452e-05,1892.82470703125
2026-02-14,7.625743629622222e-06,0.02293816730966721,-2.6298557013743497e-06,1892.82470703125
2026-02-15,8.61931946380298e-06,0.020662312369719476,-3.232916133515546e-05,1892.82470703125
2026-02-16,8.445483079561089e-06,0.020639395489740045,-6.642840857570882e-05,1892.82470703125
2026-02-17,7.748762491326512e-06,0.022869416669728915,-9.374749940738602e-05,1892.82470703125
2026-02-18,7.173685713529202e-06,0.02735237590968609,-0.00010310633581453869,1892.82470703125
2026-02-19,6.7202527461691594e-06,0.034088273209611566,-9.450491779716685e-05,1892.82470703125
2026-02-20,6.388463589246385e-06,0.03624209016561508,-7.089083374012262e-05,1892.82470703125
2026-02-21,6.178318242760878e-06,0.02936896681785583,-4.994961395251887e-05,1892.82470703125
2026-02-22,6.045024840849497e-06,0.027809853830630397,-4.46046979050152e-05,1892.82470703125
2026-02-23,5.719832188333385e-06,0.02991291135549545,-5.913818313274533e-05,1892.82470703125
2026-02-24,5.157948419349397e-06,0.03163614109995827,-5.9387548331666835e-05,1892.82470703125
2026-02-25,4.359373533897536e-06,0.032979543064018846,-3.9659039951105935e-05,1892.82470703125
2026-02-26,3.492694370802782e-06,0.03376459315927944,-2.162868615708613e-05,1892.82470703125
2026-02-27,2.726497768890113e-06,0.03292014685535365,-2.697251511563081e-05,1892.82470703125
2026-02-28,2.0607837281595303e-06,0.03026768006384373,-5.569052682673999e-05,1892.82470703125
2026-03-01,1.495552248611033e-06,0.02653595432639122,-2.973743539769202e-05,1892.82470703125
2026-03-02,1.030803330244622e-06,0.026097538892845263,4.365663698990829e-05,1892.82470703125
2026-03-03,6.665369730602971e-07,0.029681195304847377,-0.000246770097874105,1892.82470703125
2026-03-04,4.027531770580583e-07,0.031814894326940166,-0.0003839490866493017,1892.82470703125
2026-03-05,2.3945194223790534e-07,0.02702660672366619,-0.0002674896690998889,1892.82470703125
2026-03-06,2.92434512532319e-07,0.01975966244935989,-8.482109977470978e-05,1892.82470703125
2026-03-07,6.775021318737796e-07,0.03061642870306969,-2.337263322260696e-05,1892.82470703125
2026-03-08,1.3946548002622875e-06,0.03054310567677021,-6.034142643329687e-05,1892.82470703125
2026-03-09,2.443892517697842e-06,0.03057335323983554,-5.891042134507736e-05,1892.82470703125
2026-03-10,3.8252152841804445e-06,0.033555716791654366,-9.877681438216048e-06,1892.82470703125
2026-03-11,5.538623099710094e-06,0.039490196332226696,5.151354343979619e-06,1892.82470703125
2026-03-12,7.817090590833686e-06,0.04723997765453032,4.655823067878373e-05,1892.82470703125
2026-03-13,1.03716856756364e-05,0.04998417551643197,0.0003972428676206619,1892.82470703125
2026-03-14,3.3147039334878914e-06,0.04658597571090943,0.00016521899462252122,1892.82470703125
2026-03-15,-5.061910542281112e-06,0.03704537823796272,-0.0002159954747185111,1892.82470703125
2026-03-16,-5.196878646529512e-06,0.02439313381910324,-0.0002025764842983335,1892.82470703125
2026-03-17,4.051306444276961e-07,0.026813746783399428,-9.865590079001887e-05,1892.82470703125
2026-03-18,6.935557848919416e-06,0.03500678762793541,-2.433309600746725e-05,1892.82470703125
2026-03-19,1.0003288314660385e-05,0.036641076128283906,-4.9018797319066683e-05,1892.82470703125
2026-03-20,1.0020329864665987e-05,0.03476443886756897,-2.426229002594482e-05,1892.82470703125
2026-03-21,9.458729437028524e-06,0.0326833464205265,0.0001522189559182152,1892.82470703125
2026-03-22,8.73049485476337e-06,0.03176603838801384,0.0002034158325980798,1892.82470703125
2026-03-23,7.835626117870531e-06,0.031169412668760582,0.00010819188642209867,1892.82470703125
2026-03-24,6.774123226350013e-06,0.030709844913953017,1.673750375630334e-05,1892.82470703125
2026-03-25,5.545986180201802e-06,0.030387335123591153,-4.591558433830106e-05,1892.82470703125
2026-03-26,4.225163510819506e-06,0.03020188329767497,-7.976737786171442e-05,1892.82470703125
2026-03-27,3.255346406564704e-06,0.03015348943620448,-8.481787681393683e-05,1892.82470703125
2026-03-28,2.7104833988309925e-06,0.030238253237882016,-7.849463888181695e-05,1892.82470703125
2026-03-29,2.5905744876183714e-06,0.030432772894921523,-7.822522175220356e-05,1892.82470703125
2026-03-30,2.895619672926841e-06,0.03073314810602533,-8.40096254250966e-05,1892.82470703125
2026-03-31,3.6256189547564004e-06,0.031139378871193453,-9.481547022005543e-05,1892.82470703125
2026-04-01,4.780572333107053e-06,0.03165146519042587,-0.00010444847805443606,1892.82470703125
2026-04-02,6.360479807978794e-06,0.03226940706372261,-0.00011187626924779783,1892.82470703125
2026-04-03,8.365341379371627e-06,0.032993204491083644,-0.00011709884380014073,1892.82470703125
2026-04-04,1.0666948411837023e-05,0.03382285747250898,-0.00010657830300227482,1892.82470703125
2026-04-05,1.2496049092683813e-05,0.03409921884841714,-6.677674814501023e-05,1892.82470703125
2026-04-06,1.3724434786463476e-05,0.03316314145922661,2.305820771653089e-06,1892.82470703125
2026-04-07,1.4352105493176006e-05,0.0310146253049374,0.0001041823998093605,1892.82470703125
2026-04-08,1.43790612128214e-05,0.0284667331725359,0.0002293015277246013,1892.82470703125
2026-04-09,1.3805301945399667e-05,0.02633252784900853,0.0001973995748987231,1892.82470703125
2026-04-10,1.26308276909108e-05,0.02541236579418182,6.794188811909407e-05,1892.82470703125
2026-04-11,1.0855638449354804e-05,0.026506603467882285,-6.897674821353479e-05,1892.82470703125
2026-04-12,8.479734220731678e-06,0.0290504169099212,-0.0001835432242469348,1892.82470703125
2026-04-13,6.417107815216852e-06,0.02965486235916615,-9.687888086773455e-05,1892.82470703125
2026-04-14,5.581752042985769e-06,0.02811415866017342,-2.226357992185513e-06,1892.82470703125
2026-04-15,5.973666904038423e-06,0.02658256264141324,-0.0007351244566962123,1892.82470703125
2026-04-16,7.592852398374816e-06,0.02541911710763063,1.038746177073335e-05,1892.82470703125
2026-04-17,8.283675015263725e-06,0.02459456441387541,1.346903445664793e-05,1892.82470703125
2026-04-18,3.306578832962259e-07,0.02407964691519737,-2.84164258346209e-07,1892.82470703125
2026-04-19,9.138351742876694e-06,0.02387436461159651,6.21456783846952e-05,1892.82470703125
2026-04-20,1.7426515346573503e-05,0.02397871750307283,-0.0002232687984360382,1892.82470703125
2026-04-21,2.144538778765164e-05,0.02439270558962633,-0.0003930731802823594,1892.82470703125
2026-04-22,2.1541795101958197e-05,0.025116328871257018,-0.0003558205271377532,1892.82470703125
2026-04-23,1.9796693504575654e-05,0.02614958734796488,-0.00015645758521411353,1892.82470703125
2026-04-24,1.65569090313511e-05,0.027245018415177992,0.0001600688992766663,1892.82470703125
2026-04-25,1.1822441682284544e-05,0.02815515946832442,0.0004205860022921115,1892.82470703125
2026-04-26,6.719204066030215e-06,0.02888001050740415,-0.0001483593950979412,1892.82470703125
2026-04-27,2.3731087912423493e-06,0.029419571532417206,-0.0001960950467037037,1892.82470703125
2026-04-28,-2.7120065885358443e-07,0.02977384254336357,3.377261236892082e-05,1892.82470703125
2026-04-29,4.454136615095194e-06,0.02994282354024325,1.585064092068933e-05,1892.82470703125
2026-04-30,1.532167516415939e-05,0.029926514523056245,0.000155820045620203,1892.82470703125
2026-05-01,1.9298881395410457e-05,0.029724915491802548,0.00022896714074968443,1892.82470703125
2026-05-02,1.4213666376693637e-05,0.029668991665571378,0.0001946154537656957,1892.82470703125
2026-05-03,6.91424082509131e-06,0.030089708263451954,0.0001250236964551732,1892.82470703125
2026-05-04,4.248815457685851e-06,0.03098706528544426,4.317812999943271e-05,1892.82470703125
2026-05-05,3.530584308464313e-06,0.0323610627315483,1.4737609699432995e-05,1892.82470703125
2026-05-06,-6.044708243280184e-06,0.03421170060176408,6.602575012948364e-06,1892.82470703125
2026-05-07,1.47975106301601e-06,0.036174908502814844,-1.081545360648306e-05,1892.82470703125
2026-05-08,1.1885371448833577e-05,0.036066264075040155,4.920886511668005e-05,1892.82470703125
2026-05-09,1.772422911017202e-05,0.03352169692516327,9.609917469788343e-05,1892.82470703125
2026-05-10,1.4804262068679192e-05,0.0292123444378376,4.716241164715029e-05,1892.82470703125
2026-05-11,4.519813767916014e-06,0.027165030920983727,3.64236752074869e-05,1892.82470703125
2026-05-12,-4.763055130752036e-06,0.02665727958083153,5.678662637365051e-05,1892.82470703125
2026-05-13,-1.1650001183764043e-05,0.026295476238957467,7.881740959989734e-05,1892.82470703125
2026-05-14,-1.6141024391120007e-05,0.02607962089536153,0.00010251602488622739,1892.82470703125
2026-05-15,-1.823612475281993e-05,0.026009713550043726,0.0001278824722326407,1892.82470703125
2026-05-16,-1.7935302268863815e-05,0.02608575420300405,0.00015491675163913722,1892.82470703125
2026-05-17,-1.5238556939251652e-05,0.026307742854242505,0.00018074195584620668,1892.82470703125
2026-05-18,-1.0551693383476178e-05,0.026675679503759094,0.00018809664129678725,1892.82470703125
2026-05-19,-6.309539318493762e-06,0.027141132276713317,0.00017410390073136867,1892.82470703125
2026-05-20,-2.917899363797132e-06,0.027413509924062267,0.00013876373414995093,1892.82470703125
2026-05-21,-3.767735193862886e-07,0.027444380570965446,8.207614155253395e-05,1892.82470703125
2026-05-22,1.3138382147387666e-06,0.02723374421742285,4.041122939117854e-06,1892.82470703125
2026-05-23,2.153935838578036e-06,0.026781600863434486,-4.385057400213555e-05,1892.82470703125
2026-05-24,2.143519352131518e-06,0.026087950509000358,-1.0108201583064357e-05,1892.82470703125
2026-05-25,2.787209723464912e-06,0.02515279315412045,4.100255682715215e-05,1892.82470703125
2026-05-26,5.563847935263766e-06,0.023976128798794773,4.538152643362992e-05,1892.82470703125
2026-05-27,1.0318754075247184e-05,0.022953275697735025,4.021758682140245e-06,1892.82470703125
2026-05-28,1.7026148158035017e-05,0.02445614337921143,-8.291123785302164e-05,1892.82470703125
2026-05-29,2.452891221932266e-05,0.02762753888964653,-0.0001975729957533174,1892.82470703125
2026-05-30,2.5884338473282454e-05,0.02612983249127865,-0.00023289671050751663,1892.82470703125
2026-05-31,1.99353089556098e-05,0.02577513804765761,-0.0001710379146970809,1892.82470703125
2026-06-01,6.681823666304692e-06,0.02684872411191463,-5.521241473616101e-05,1892.82470703125
2026-06-02,-1.0044317816931983e-05,0.028458421725207808,-0.0001155298959929496,1892.82470703125
2026-06-03,-7.252318027894944e-06,0.030604230887537137,-0.0001494246680522338,1892.82470703125
2026-06-04,1.241480913449777e-05,0.03300999351260924,0.0001113110483856872,1892.82470703125
2026-06-05,1.0108182810532661e-05,0.03401876108266393,-0.0001554777409182861,1892.82470703125
2026-06-06,-3.353923375470913e-06,0.03335437551140785,4.293767415219918e-05,1892.82470703125
2026-06-07,-1.067842232257466e-05,0.03101683679884098,0.0001853918802225962,1892.82470703125
2026-06-08,-1.1865314030778583e-05,0.028570257127285,0.00022897262122526017,1892.82470703125
2026-06-09,-7.658165250728117e-06,0.027578748679061602,0.00018741907887875767,1892.82470703125
2026-06-10,-2.518376486295881e-06,0.028042311454170778,8.417774757787706e-05,1892.82470703125
2026-06-11,2.810485511872685e-06,0.029707788289745928,-5.730487828259356e-05,1892.82470703125
2026-06-12,8.328420743777584e-06,0.031056236208587423,-0.0001697586267255247,1892.82470703125
2026-06-13,1.112620248022722e-05,0.03183449804782867,5.355352550395764e-05,1892.82470703125
2026-06-14,8.294603992029994e-06,0.03204257380746966,9.859769873556927e-05,1892.82470703125
2026-06-15,1.304911377548316e-06,0.0316804634875104,-7.434409287913889e-05,1892.82470703125
2026-06-16,-1.015158773043368e-06,0.030748167087950883,-0.0001222757127834484,1892.82470703125
2026-06-17,2.8056796386173495e-06,0.029756782200453077,-1.299372161156498e-05,1892.82470703125
2026-06-18,8.133937626553234e-06,0.02921740641667896,0.0001082975068129599,1892.82470703125
2026-06-19,1.0336126204787053e-05,0.02913003973662853,0.0001816759759094566,1892.82470703125
2026-06-20,9.412245373318808e-06,0.02949468216030178,-6.723448314005509e-05,1892.82470703125
2026-06-21,8.089735409924968e-06,0.02978398278355598,-0.00012860160786401056,1892.82470703125
2026-06-22,9.096036592382006e-06,0.0294705907022484,-5.696520020137541e-05,1892.82470703125
2026-06-23,1.243114892068992e-05,0.028554505916379033,-4.733650257549016e-06,1892.82470703125
2026-06-24,1.8095072394848714e-05,0.027035728425947887,1.3099947857855413e-05,1892.82470703125
2026-06-25,2.0418321101227198e-05,0.025248939611979073,9.304699338679346e-06,1892.82470703125
2026-06-26,1.373140912619419e-05,0.023528820855496718,7.548832945758477e-05,1892.82470703125
2026-06-27,-2.212899943287994e-07,0.02187537215650082,0.0001727160852169618,1892.82470703125
2026-06-28,-1.0973535044812754e-05,0.020288593514991377,3.338956230436452e-05,1892.82470703125
2026-06-29,-1.678095248933617e-05,0.018768484930968388,-5.098691281467595e-05,1892.82470703125
2026-06-30,-1.764354232789905e-05,0.017620085641602373,-2.2795501194284365e-05,1892.82470703125
2026-07-01,-1.405646575070433e-05,0.01867363106991645,2.3779067367278284e-05,1892.82470703125
2026-07-02,-8.990689898969682e-06,0.02223416045308113,-5.447936928248964e-06,1892.82470703125
2026-07-03,-2.9413759628980397e-06,0.02799677476286888,-4.484168312046677e-05,1892.82470703125
2026-07-04,4.09147605751059e-06,0.03413207982991445,0.0002134984824806452,1892.82470703125
2026-07-05,1.2107866162256214e-05,0.03901731488718919,0.0003197573984012323,1892.82470703125
2026-07-06,1.252996389666805e-05,0.03474530950188637,0.0002535310632083565,1892.82470703125
2026-07-07,1.288568398649659e-07,0.024580929428339,0.0001151194592239335,1892.82470703125
2026-07-08,-5.001946805415228e-06,0.03162375837564468,8.673997945152223e-05,1892.82470703125
2026-07-09,-1.1767536888247058e-06,0.03407583633869324,4.06124017899856e-05,1892.82470703125
2026-07-10,1.625088088985649e-06,0.02978713437914848,-4.437464667716995e-05,1892.82470703125
2026-07-11,1.740353844574023e-06,0.02209873124957085,-2.22633076494634e-05,1892.82470703125
2026-07-12,-2.0703563058370794e-07,0.017576585597095833,9.734572325282415e-05,1892.82470703125
2026-07-13,-4.735555876322906e-07,0.017315023862912678,0.0001076536427717656,1892.82470703125
2026-07-14,1.694336219770776e-06,0.01897317858322828,1.502038139733486e-05,1892.82470703125
2026-07-15,7.074368520825242e-06,0.02021018229424953,2.361460246902425e-05,1892.82470703125
2026-07-16,1.4987610364008156e-05,0.021026034995976425,-7.228361209854484e-05,1892.82470703125
2026-07-17,2.058274731098209e-05,0.02175216881802703,-0.0002645548374857754,1892.82470703125
2026-07-18,2.3051226955357458e-05,0.02437717653810978,-0.00019646493538868744,1892.82470703125
2026-07-19,2.239304929713427e-05,0.029232490285842735,-1.088394765247358e-05,1892.82470703125
2026-07-20,1.860821433631252e-05,0.0352604822531953,8.956106438778766e-05,1892.82470703125
2026-07-21,1.377993191219058e-05,0.0361153855919838,0.00010487010073209635,1892.82470703125
2026-07-22,9.991411864066826e-06,0.03073957249417763,6.802300963600187e-05,1892.82470703125
2026-07-23,7.242654191941256e-06,0.02465270087122917,1.199963935505366e-05,1892.82470703125
2026-07-24,5.533658895813869e-06,0.02337442863459079,-6.320001011074826e-05,1892.82470703125
2026-07-25,4.864425975684667e-06,0.026195943791378008,-0.00015757593876140392,1892.82470703125
2026-07-26,5.23495543155365e-06,0.02886437438428402,-0.0002411400306723365,1892.82470703125
2026-07-27,6.6452472634208165e-06,0.03067090842042435,-0.0002839041699189693,1892.82470703125
2026-07-28,7.709449245750025e-06,0.031615545899798994,-0.0002858683565013021,1892.82470703125
2026-07-29,7.04170915300514e-06,0.03169828682240796,-0.00024703259041933506,1892.82470703125
2026-07-30,4.642026985186158e-06,0.03143195825267031,-0.00017464860540906648,1892.82470703125
2026-07-31,5.104027422930812e-07,0.03132938725500515,-7.596813520649448e-05,1892.82470703125
2026-08-01,-2.781300281640142e-06,0.03139057382941246,1.962024362001102e-05,1892.82470703125
2026-08-02,7.175021892180666e-06,0.03128364682197571,-2.730344931478612e-05,1892.82470703125
2026-08-03,1.4812777845332327e-05,0.029017379309195714,-2.4658916429358527e-05,1892.82470703125
2026-08-04,1.7108891792405323e-05,0.02592587098479271,2.878902159864083e-05,1892.82470703125
2026-08-05,1.4063363733399654e-05,0.02367509269640352,9.736406506657611e-05,1892.82470703125
2026-08-06,8.77969632521654e-06,0.02226504444402813,0.000121591700008139,1892.82470703125
2026-08-07,4.361392224757221e-06,0.02176979065752943,6.371649214997888e-05,1892.82470703125
2026-08-08,8.08451432021684e-07,0.022633717916084796,1.214596886711661e-05,1892.82470703125
2026-08-09,-1.8791260529900642e-06,0.02493089064955711,-0.0002628424948438369,1892.82470703125
2026-08-10,-3.501726073432909e-06,0.028661308857946377,-0.0003717008221428841,1892.82470703125
2026-08-11,-2.861663688236149e-06,0.03192020952701569,-2.848230360541493e-05,1892.82470703125
2026-08-12,4.16640290268333e-07,0.03280282964252816,-2.775247958197724e-05,1892.82470703125
2026-08-13,7.388976047018532e-06,0.03130916920448379,-4.4113455241931354e-05,1892.82470703125
2026-08-14,1.5885138282681378e-05,0.02809878637108173,-1.0871090894294978e-06,1892.82470703125
2026-08-15,1.182810501632048e-05,0.02712903009151699,8.928907482186332e-05,1892.82470703125
2026-08-16,-1.239779749084846e-06,0.02905945852398872,0.0001670572382863611,1892.82470703125
2026-08-17,6.784109245927539e-06,0.03322684392333031,2.240864523628261e-05,1892.82470703125
2026-08-18,1.145635724242311e-05,0.03565181981854202,0.0002565600734669715,1892.82470703125
2026-08-19,1.378151556524023e-05,0.035671158464457224,-2.0106639921064313e-06,1892.82470703125
2026-08-20,1.14466038212413e-05,0.03372498097067394,-0.0001904204691527411,1892.82470703125
2026-08-21,4.315703336033039e-06,0.03245401399478011,0.0001923252420965582,1892.82470703125
2026-08-22,8.882714610081166e-06,0.03229837864637375,-7.151714089559391e-05,1892.82470703125
2026-08-23,1.1554643449028627e-05,0.03325807492545486,-0.00023400978587047165,1892.82470703125
2026-08-24,9.53000797668662e-06,0.035333102832023414,-0.0001703033374355822,1892.82470703125
2026-08-25,5.7925167177333565e-06,0.03805880018946423,-0.0001093651953851804,1892.82470703125
2026-08-26,3.325878196847043e-06,0.038647193938086084,-7.601519610034302e-05,1892.82470703125
2026-08-27,2.1300924140276806e-06,0.03663362190127373,9.795041926724445e-06,1892.82470703125
2026-08-28,1.85737576430256e-06,0.03201808407902718,5.866435458301567e-05,1892.82470703125
2026-08-29,2.159944642698974e-06,0.03201808407902718,-3.214981916244142e-05,1892.82470703125
